query_date,title,description,reasoning,score,url
"January 3, 2009",Mining of the Genesis Block,"On January 3, 2009, Satoshi Nakamoto mined the Genesis Block (block 0) of the Bitcoin network, signifying the start of Bitcoin as a decentralized digital currency. This foundational block contained a coded message and housed the first ever transaction in the Bitcoin blockchain. The mining of the Genesis Block is a historic milestone that initiated the blockchain technology revolution and set the stage for the future of cryptocurrencies.","The mining of the Genesis Block on January 3, 2009, marked the official launch of the Bitcoin blockchain and the beginning of a new decentralized monetary system. This event is pivotal as it laid the foundational technology and network for what would later become a global cryptocurrency phenomenon.",5,https://cointelegraph.com/explained/what-is-the-genesis-block-explained
"January 05, 2012",,,,,
"January 01, 2012",,,,,
"January 04, 2012",,,,,
"January 02, 2012",,,,,
"January 03, 2012",,,"The search results do not provide specific events or significant news from January 03, 2012. The information on Bitcoin's price drop later in January is not directly relevant to the specific date requested, nor is there any event listed on January 03, 2012 that would influence Bitcoin's price.",,
"January 02, 2012",,,"None of the provided search results mentioned a specific event or significant development that occurred on January 02, 2012. The content mostly covered broader topics and did not provide evidence of any specific news or incident impacting Bitcoin's price on that exact date.",,
"January 03, 2012",,,"None of the provided search results specifically pertain to significant events that occurred on January 03, 2012. The content related to Bitcoin primarily mentions general trends or events that do not align with that exact date. The first search result references Bitcoin prices but does not provide specific details about the events of January 03, 2012. Therefore, no relevant historical event can be identified from the provided data.",,
"January 05, 2012",,,"The provided search results do not contain any events or information specifically dated January 05, 2012. They either pertain to different dates or are unrelated to Bitcoin price movements. Thus, no significant event influencing Bitcoin's price can be identified from these results.",,
"January 04, 2012",,,"None of the provided results contain an event specifically from January 04, 2012, nor do they discuss any significant price movements or developments directly linked to Bitcoin on that exact date. The results are either about general topics on Bitcoin, cryptocurrency events from different dates, or irrelevant content. Hence, no relevant event can be identified for the requested date.",,
"January 01, 2012",,,"None of the provided search results specify any significant event directly related to Bitcoin that occurred on January 01, 2012. The results are more general in nature, discussing Bitcoin's technology, halving, its history, and analysis of its market behavior over a range of years, but they do not focus on a specific event from that exact date.",,
