date,rank,title,description,url,relevance_score,relevance_reasoning
2013-06-02,1,Reddit Now Enables Sitewide Bitcoin Tipping,"On June 2, Reddit implemented a system allowing users to tip each other using Bitcoin across all subreddits using a bot, expanding its use beyond a singular community and promoting its recognition as a currency within the broader online community.",https://www.coindesk.com/markets/2013/06/02/reddit-now-enables-sitewide-bitcoin-tipping/,5,"On June 2, Reddit introduced sitewide tipping using Bitcoin, marking a significant moment for the cryptocurrency's integration into social media platforms. This new feature enabled users to financially reward others for contributions across the entire site, which suggested a growing recognition and embedding of Bitcoin in online culture and community incentives."
2013-06-02,2,June 2 'M Day' Promotes Millibitcoin as Unit of Choice,Bitcoin community promotes millibitcoin (mBTC) as a user-friendly denomination to ease transactions. Significant support gathered on platforms like Reddit and Bitcoin Forums.,https://www.coindesk.com/markets/2013/06/02/june-2-m-day-promotes-millibitcoin-as-unit-of-choice/,4,"The advocacy for using millibitcoin, a smaller denomination of Bitcoin, marks a practical approach to making Bitcoin transactions more user-friendly. This shift indicates a growing understanding of cryptocurrency's psychological barriers for everyday users, aimed at promoting wider adoption."
2013-06-02,3,Reddit Now Enables Sitewide Bitcoin Tipping,"Reddit introduces sitewide tipping using Bitcoin through the Bitcointip bot, allowing users to reward others across the platform, enhancing Bitcoin's usability.",https://www.coindesk.com/markets/2013/06/02/reddit-now-enables-sitewide-bitcoin-tipping/,4,"Reddit enabling sitewide Bitcoin tipping increases the cryptocurrency's accessibility and practical use, indicating a shift toward mainstream acceptance. This feature encourages user engagement and promotes the presence of Bitcoin in everyday online interactions."
2013-06-02,4,"June 2 ""M Day"" Promotes Millibitcoin as Unit of Choice","On June 2, the Bitcoin community promoted mBTC rather than whole Bitcoin for transactions. This movement aims to make daily transactions easier, reflecting Bitcoin's increasing integration into daily commerce.",https://www.coindesk.com/markets/2013/06/02/june-2-m-day-promotes-millibitcoin-as-unit-of-choice/,5,"The advocacy for using millibitcoins (mBTC) as the standard unit instead of whole bitcoins on June 2 reflects a growing awareness and adjustment within the Bitcoin community to facilitate transactions, ultimately contributing to the currency's user-friendliness and encouraging wider adoption among new users."
2013-06-02,5,June 2 'M Day' Promotes Millibitcoin as Unit of Choice,"A proposed day for the Bitcoin community to transition to using millibitcoin (mBTC) for transactions is embraced, aiming to simplify the currency's use in everyday commerce as Bitcoin's value rises.",https://www.coindesk.com/markets/2013/06/02/june-2-m-day-promotes-millibitcoin-as-unit-of-choice/,3,"The advocacy for using mBTC (millibitcoin) showcases efforts to enhance Bitcoin's usability and appeal, particularly as its value increases. The day dedicated to promoting this measure illustrates community-driven initiatives to facilitate the adoption of Bitcoin in everyday transactions, which is crucial for its future growth and acceptance."
2013-06-03,1,Federal Reserve Studies Risks of Emerging Digital Payments Including Bitcoin,"On June 3, 2013, a Federal Reserve official discusses the potential risks posed by Bitcoin and similar technologies at an international conference. This indicates the growing scrutiny and interest from central financial authorities regarding cryptocurrencies.",https://www.businessinsider.com/the-federal-reserve-is-officially-studying-the-risks-of-bitcoin-2013-6,4,"This news item outlines the various entities discussing Bitcoin's place within the future of digital payments and its potential risks. It highlights the U.S. Federal Reserve’s focus on Bitcoin, reflecting significant shifts within financial institutions regarding digital currencies."
2013-06-03,2,Increasing Acceptance of Bitcoin Among Merchants,"On June 3, 2013, various merchants begin to accept Bitcoin, showcasing its rise as an alternative payment method rooted in growing interest and demand within e-commerce. This reflects Bitcoin’s integration into new financial systems.",https://www.coindesk.com/markets/2013/06/05/spend-your-bitcoins-more-shops-now-accept-btc/,4,"This coverage shows Bitcoin’s growing community and participation during financially turbulent times, reflecting its budding popularity in retail and consumer sectors, showcasing wider acceptance and integration into everyday transactions by merchants globally."
2013-06-03,3,Bitcoin Gains traction as Digital Currency in China,"On June 3, 2013, Bitcoin continues to gain acceptance in China, where users use it for real transactions. The article highlights its increasing popularity amidst regulatory discussions. With notable transactions using Bitcoin, it reinforces its potential to become a widely accepted digital currency.",http://en.people.cn/90778/8268596.html,5,"The article discusses how Bitcoin is gaining traction as a digital currency, particularly in China, with acceptance in real-life transactions and implications of regulations on its use. This reflects Bitcoin's growing recognition and adoption at that time, marking a pivotal point in its evolution as a global currency."
2013-06-03,4,Bitcoin's Legitimacy in Jeopardy Amid Regulatory Pressures,"On June 3, 2013, experts discuss how recent events could threaten Bitcoin's reputation amid fears of it being associated with illegal activities. This piece underscores the complexities of Bitcoin's integration into formal economies.",https://reason.com/2013/06/03/bitcoin-roundup-losing-its-edge-or-selli/,4,"This article explores the various challenges Bitcoin was facing regarding regulation while also considering its growing value and potential in the economy. It illustrates how Bitcoin was being categorized in financial discussions, reflecting its rise in legitimacy but also the concerns surrounding its usage."
2013-06-03,5,Media Sensationalism Around Bitcoin Following Federal Crackdowns,"On June 3, 2013, the media exaggerated the impact of federal actions against Liberty Reserve, suggesting a broader crackdown on Bitcoin. This reflects the challenges Bitcoin faced in gaining legitimacy and acceptance during regulatory scrutiny, affecting its perception in society.",https://www.coindesk.com/markets/2013/06/03/feds-shut-down-bitcoin-and-other-stupid-headlines/,4,"This news item highlights the sensationalist media coverage that suggested imminent doom for Bitcoin due to federal actions against a separate digital currency. It reflects the ongoing struggle of Bitcoin to escape negative perceptions amidst legal challenges, shedding light on societal views of cryptocurrency during this time."
2013-06-04,1,The Federal Reserve Is Officially Studying The Risks Of Bitcoin,"Federal Reserve Vice Chair Janet Yellen discusses potential risks of Bitcoin and online payment mechanisms, highlighting regulatory concerns and institutional awareness.",https://www.businessinsider.com/the-federal-reserve-is-officially-studying-the-risks-of-bitcoin-2013-6,4,The Federal Reserve's decision to study Bitcoin's risks signifies institutional recognition of cryptocurrency as a potential economic factor. The mention of regulatory discussions reflects growing attention from financial authorities towards the impact of Bitcoin and similar innovations.
2013-06-04,2,Fixing Bitcoin's Shaky Exchange Infrastructure,"On June 4, 2013, discussions emerged about technological and regulatory challenges facing Bitcoin exchanges. The need for stable and compliant infrastructure is essential for Bitcoin's future as it moves towards mainstream financial acceptance.",https://www.coindesk.com/markets/2013/06/04/fixing-bitcoins-shaky-exchange-infrastructure,4,"The article details significant growth in the Bitcoin exchange infrastructure and the challenges faced, highlighting the challenges of regulatory compliance for exchanges. This reflects the ongoing evolution of Bitcoin's acceptance and infrastructure, crucial for its growth and legitimization."
2013-06-04,3,Bitfash Converts Your Bitcoins Into Fashion From Top Brands,"Bitfash, a startup that facilitates Bitcoin purchases for clothing from major retailers, launched on June 4, 2013. This service evidences the growing trend of Bitcoin acceptance in retail and markets, pushing the boundaries of its conventional use.",https://techcrunch.com/2013/06/04/bitfash-converts-your-bitcoins-into-fashion-from-top-brands/,5,"Bitfash's launch on June 4, 2013, enables Bitcoin holders to spend their digital currency on high-quality fashion brands. This development indicates the practical use of Bitcoin in retail, further integrating cryptocurrencies into everyday commerce and promoting wider consumer adoption."
2013-06-04,4,The Federal Reserve Is Officially Studying The Risks Of Bitcoin,"On June 4, 2013, Federal Reserve Vice Chair Janet Yellen announced that the U.S. is studying the risks posed by online payment systems like Bitcoin, indicating growing awareness and concern from the financial sector about the impact of cryptocurrencies.",https://www.businessinsider.com/the-federal-reserve-is-officially-studying-the-risks-of-bitcoin-2013-6,5,"The Federal Reserve's focus on the potential risks posed by cryptocurrencies indicates significant institutional interest and the beginnings of regulatory considerations. This event reflects concerns from the traditional financial system regarding digital currencies, marking an important shift in recognition and scrutiny."
2013-06-04,5,The Federal Reserve Is Officially Studying The Risks Of Bitcoin,"The U.S. Federal Reserve, during an international conference, stated it is closely examining the risks of Bitcoin among other digital currencies. This statement points to regulatory considerations that could impact the cryptocurrency's future acceptance and safety in the financial system.",https://www.businessinsider.com/the-federal-reserve-is-officially-studying-the-risks-of-bitcoin-2013-6,5,"On June 4, 2013, the Federal Reserve revealed it was studying the potential risks associated with online payment mechanisms like Bitcoin. This highlights the increasing interest and scrutiny from regulatory institutions regarding cryptocurrencies, marking a critical point in Bitcoin's evolution towards legitimacy and potential regulation."
2013-06-05,1,Spend Your Bitcoins! More Shops Now Accept BTC,"Report on the increasing number of businesses accepting Bitcoin, focusing on its growing use as a practical currency rather than just an investment opportunity.",https://www.coindesk.com/markets/2013/06/05/spend-your-bitcoins-more-shops-now-accept-btc/,4,"The increase in shops accepting Bitcoin underscores its growing adoption as a payment method. This expansion illustrates Bitcoin's transition from a niche currency to a recognized form of payment in commerce, which is vital for its long-term viability as a currency."
2013-06-05,2,World's First Bitcoin Baby Born After Fertility Treatment,"In a historic first, a baby was born in California after fertility treatment was paid for using Bitcoin, showcasing a unique practical application of cryptocurrency in healthcare, promoting Bitcoin's legitimacy as a payment method.",https://money.cnn.com/2013/06/10/technology/innovation/bitcoin-baby/index.html,5,"The event underscores Bitcoin's social impact by marking what is reported as the world's first known fertility treatment payment made using Bitcoin, illustrating its potential for adoption in unconventional sectors."
2013-06-05,3,Timestamping Source Code with Bitcoin,"A developer timestamps his source code in Bitcoin's blockchain, showcasing the currency's potential use in proving authorship and legal ownership, highlighting a shift toward diverse applications of Bitcoin technology.",https://blog.oleganza.com/post/52237596486/today-ive-timestamped-my-secret-source-code-with-bitcoin,4,"The timestamping of source code on the blockchain exemplifies another innovative use case for Bitcoin outside of currency transactions, showcasing its utility in verifying ownership and intellectual property claims through the blockchain."
2013-06-05,4,Bitcoin Demand Skyrockets in China,"With Bitcoin's popularity surging in China, this report discusses its growing importance as a digital currency and the implications for global adoption, reflecting on the rapid expansion of cryptocurrency use.",https://news.ycombinator.com/item?id=5826359,4,"Highlighting the increased global interest in Bitcoin, this article emphasizes Bitcoin's rapidly expanding presence and use in China at a strategic moment in its development, indicative of its potential for international influence and the growing demand for cryptocurrency."
2013-06-05,5,Online Retailers Embrace Bitcoin as Payment Method,"More online shopping options are emerging for Bitcoin users, particularly with the launch of Bitfash.com, allowing purchases from high-profile brands, marking a significant milestone in Bitcoin's adoption as a currency.",https://www.coindesk.com/markets/2013/06/05/spend-your-bitcoins-more-shops-now-accept-btc/,5,"This article discusses the increasing acceptance of Bitcoin in retail, highlighting the launch of Bitfash.com, an upscale fashion site that allows users to purchase from major brands with Bitcoin, demonstrating the growing commercial opportunities for Bitcoin."
2013-06-06,1,Exponential Leap in Bitcoin Hash Rates,"A sharp increase in Bitcoin's mining difficulty and hash rates was noted, demonstrating heightened network activity and computing power. This marked a significant step in the growth of Bitcoin infrastructure and mining investment.",https://www.coindesk.com/markets/2013/06/06/exponential-leap-in-bitcoin-hash-rates/,4,"The increase in Bitcoin hash rates indicates a significant surge in Bitcoin mining activity, illustrating the growing interest and investment in Bitcoin at this time, which has implications for its future market dynamics."
2013-06-06,2,Exponential Leap In Bitcoin Hash Rates,"A sharp rise in Bitcoin's hash rate from 127701 GH/s to 148527 GH/s is observed, marking one of the fastest increases in Bitcoin's history, indicating expanding interest and technical growth within the network.",https://www.coindesk.com/markets/2013/06/06/exponential-leap-in-bitcoin-hash-rates/,5,"The rapid increase in Bitcoin hash rates showcases the growing computational power dedicated to Bitcoin mining, suggesting heightened interest and investment in the network's security and functionality. This significant technical growth emphasizes Bitcoin's expanding ecosystem on a significant date."
2013-06-06,3,Exponential Increase in Bitcoin Hash Rates Indicates Network Growth,"A significant jump in Bitcoin's hash rates is reported, showcasing increased mining activity and computational power, signifying heightened investment and confidence in Bitcoin's future as a decentralized currency.",https://www.coindesk.com/markets/2013/06/06/exponential-leap-in-bitcoin-hash-rates/,4,"The leap in Bitcoin's hash rates showcases the increasing interest and investment in Bitcoin mining, which is critical for the network's security. This reflects not only technological growth but also investor confidence in Bitcoin, a key indicator of its market potential at the time."
2013-06-06,4,Coinbase Investor: Bitcoin Is the Currency of the Future,"Insights from Coinbase's investor on the potential of Bitcoin highlight its growing acceptance among businesses and investors as an alternative currency, reflecting changes in financial paradigms.",https://www.coindesk.com/markets/2013/06/06/coinbase-investor-bitcoin-is-the-currency-of-the-future/,4,"The growing acceptance of Bitcoin by businesses in various sectors signifies a crucial shift in public perception and adoption of cryptocurrency. This trend towards using Bitcoin is an important indicator of its rising significance in financial transactions globally, particularly amidst the backdrop of economic uncertainty."
2013-06-06,5,Coinbase Investor: Bitcoin Is the Currency of the Future,"A debate at Bloomberg's Next Big Thing Summit featured Micky Malka arguing Bitcoin's future as currency, portraying its legitimacy as more investors come aboard. Malka reflects on his experience with hyperinflation, showcasing Bitcoin's appeal to those without stable banking.",https://www.coindesk.com/markets/2013/06/06/coinbase-investor-bitcoin-is-the-currency-of-the-future/,4,"This article discusses a prominent investor's views during a critical period of Bitcoin's rise, emphasizing its potential as a future currency amid growing tech interest, signaling socio-economic implications of Bitcoin acceptance."
2013-06-07,1,Web Hosting Company Announces Acceptance of Bitcoin Payments,"Beanstalk Solar Hosting announces it will accept Bitcoin starting July 1, joining the growing movement of businesses integrating cryptocurrency into their payment systems. This reflects increasing adoption and trust in Bitcoin as a payment method.",http://www.w3reports.com/2013/06/07/webhost-accepts-bitcoins/,4,"An important event in the evolving cryptocurrency landscape, where Beanstalk Solar Hosting became one of the first businesses to accept Bitcoin for web hosting services, reflecting a growing mainstream acceptance of cryptocurrency. The move highlighted the benefits Bitcoin offered to merchants, such as reducing transaction fees."
2013-06-07,2,Denver Web Hosting Company to Accept Bitcoins for Payment,"Beanstalk Solar Hosting in Denver announced it would accept Bitcoin for web hosting services starting July 1, amidst a growing trend where many businesses prefer it to traditional electronic payments, showcasing Bitcoin's increasing acceptance.",http://www.w3reports.com/2013/06/07/webhost-accepts-bitcoins/,4,"This report presents an early example of a business adopting Bitcoin for payments, emphasizing how innovative companies were integrating Bitcoin, indicative of cryptocurrency's growing relevance in the business landscape during its early adoption phase."
2013-06-07,3,First Web Hosting Company to Accept Bitcoin,"Beanstalk Solar Hosting announces it will begin accepting Bitcoin for its services, exemplifying the growing acceptance of cryptocurrency in mainstream business operations.",http://www.w3reports.com/2013/06/07/webhost-accepts-bitcoins/,5,"Beanstalk Solar Hosting's decision to accept Bitcoin for hosting services signifies a shift in e-commerce practices, adding credibility and visibility to Bitcoin as a legitimate payment method in the business world."
2013-06-07,4,First Business in U.S. to Accept Bitcoin Payments,"Beanstalk Solar Hosting, a leading web hosting company, announces it will accept Bitcoin as payment starting July 1, 2013, reflecting the growing numbers of businesses using Bitcoin.",http://www.w3reports.com/2013/06/07/webhost-accepts-bitcoins/,4,"As a growing trend, the acceptance of Bitcoin by various businesses demonstrates its potential for widespread use in everyday transactions, contributing to its legitimacy as a mainstream currency."
2013-06-08,1,China Backs Coinbase As US Falls Behind on Virtual Currencies,"Coinbase founders found more interest in their Bitcoin startup from Chinese investors, emphasizing the growing international focus on Bitcoin's potential. This reflects wider market dynamics affecting the cryptocurrency landscape.",https://www.ibtimes.com/battle-over-bitcoin-china-backs-us-startup-coinbase-us-falls-behind-virtual-currencies-1297147,4,"The article discusses Bitcoin's growing acceptance and investment spirit in the U.S. and China. The Founders of Coinbase turned to Chinese backers due to their more favorable attitude toward digital currencies, highlighting a competitive landscape for Bitcoin's future as a mainstream currency."
2013-06-08,2,China Backs US Startup Coinbase: The Battle Over Bitcoin,"On June 8, 2013, China backed U.S. startup Coinbase as bitcoins surged in popularity. China’s familiarity with digital currencies suggests a lead in the emerging market, impacting Bitcoin's future globally and highlighting the U.S.'s risk of falling behind.",https://www.ibtimes.com/battle-over-bitcoin-china-backs-us-startup-coinbase-us-falls-behind-virtual-currencies-1297147,5,"This article discusses the increasing competition between the U.S. and China in the realm of Bitcoin technology and investment. With China's early acceptance and financial backing of Bitcoin startups like Coinbase, it illustrates the shifting landscape of digital currency development and the importance of international support for the growing market."
2013-06-08,3,World's First Baby Born After Fertility Treatment Paid in Bitcoin,"A couple pays for fertility treatment using Bitcoin, making headlines for the first documented case where Bitcoin funded a medical service, showcasing crypto's adoption in unexpected areas.",https://money.cnn.com/2013/06/10/technology/innovation/bitcoin-baby/index.html,4,"This event underscores a cultural shift towards Bitcoin adoption in healthcare, marking it as a pioneering moment indicating trust in Bitcoin as a valid currency for essential services. This event helps solidify Bitcoin's legitimacy as a payment method."
2013-06-08,4,World's First Bitcoin Baby Result of Fertility Treatment Paid in Bitcoin,"The first reported case of a baby born from a fertility treatment cycle, paid for in Bitcoin, occurred, demonstrating the currency's growing acceptance in diverse sectors. Dr. Terence Lee offered discounts to clients using Bitcoin, favoring its rise in the medical community.",https://money.cnn.com/2013/06/10/technology/innovation/bitcoin-baby/index.html,5,"This event highlights the cultural acceptance of Bitcoin as a legitimate payment method in medical services. The use of cryptocurrency for fertility treatment illustrates how Bitcoin was being integrated into various sectors, increasing its visibility and acceptance in society."
2013-06-09,1,Bitcoin's Comparative Stability and Future,"The article analyzes Bitcoin's progress and resilience amidst early market volatility, highlighting its potential as a mainstream alternative to traditional currencies, reflecting its rise in popularity.",https://www.startribune.com/bitcoin-has-more-staying-power-than-other-digital-currencies/210640521/,5,"This article discusses Bitcoin's increasing appeal and stability compared to other digital currencies, indicating its potential for mainstream adoption and economic impact. It provides insights into the period's market behaviors and public sentiment towards decentralized currencies."
2013-06-09,2,Bitcoin Shows Staying Power Amid Market Volatility,"As of June 9, 2013, Bitcoin is gaining acceptance as a viable currency, despite previous crashes. Experts argue that it could evolve into mainstream usage due to its decentralized nature and low transaction costs.",https://www.startribune.com/bitcoin-has-more-staying-power-than-other-digital-currencies/210640521/,5,The article discusses the growing interest and viability of Bitcoin as a global currency. It addresses Bitcoin’s rise amidst economic instability and hints at its potential to disrupt traditional financial systems.
2013-06-09,3,Bitcoin's Growing Popularity Amid Currency Volatility,"The article outlines Bitcoin's volatility and addresses its increasing mainstream visibility. It discusses Bitcoin's potential as a major digital currency, alongside growth in acceptance and investment.",https://www.startribune.com/bitcoin-has-more-staying-power-than-other-digital-currencies/210640521/,4,"This news highlights the emergence of Bitcoin and how it has begun to capture attention in mainstream media, indicating a turning point in public awareness and discussion of cryptocurrencies as potential investments, not just niche tech interest."
2013-06-10,1,World's First Bitcoin Baby Born After Cryptocurrency Payment,"Dr. C. Terence Lee announces that a fertility treatment paid for with Bitcoin resulted in a baby girl, marking the first time a medical procedure was paid for using this cryptocurrency. This highlights Bitcoin's emerging role in personal finance.",https://money.cnn.com/2013/06/10/technology/innovation/bitcoin-baby/index.html,5,"This event showcases a significant cultural milestone as the first documented case of fertility treatment being paid for with Bitcoin, indicating an emerging acceptance of cryptocurrency in personal finance and medical transactions. It symbolizes a greater trend of Bitcoin moving into everyday life, highlighted by Dr. Lee's advocacy and the unique birth of the 'Bitcoin baby.'"
2013-06-10,2,PayPal's Policy on Bitcoin Transactions,"An internal email from PayPal clarifies its restrictive policy on Bitcoin transactions, demonstrating ongoing tension between traditional payment systems and the emerging cryptocurrency market.",https://web.archive.org/web/20130613134557/www.reddit.com/r/Bitcoin/comments/1g23w2/paypal_email_to_employees_policy_regarding_bitcoin,4,"The email from PayPal's internal communication reveals significant insights into the regulatory approach towards Bitcoin transactions, indicating the challenges and mindset of established financial entities regarding digital currencies at the time."
2013-06-10,3,PayPal's Internal Policy on Bitcoin Transactions,"An internal PayPal email clarifies its stance on Bitcoin-related merchant activities, prohibiting the selling of Bitcoin through its platform while highlighting acceptable business models related to Bitcoin, indicating Bitcoin's growing market influence.",https://web.archive.org/web/20130613134557/www.reddit.com/r/Bitcoin/comments/1g23w2/paypal_email_to_employees_policy_regarding_bitcoin,4,"This item discusses a PayPal internal policy regarding merchants dealing with Bitcoin, illustrating the emerging regulatory landscape around cryptocurrencies. It presents challenges Bitcoin users faced with traditional payment systems, further emphasizing the significance of Bitcoin in financial transactions."
2013-06-10,4,First Baby Born from Bitcoin-Enabled Fertility Treatment,"A girl, known as the 'Bitcoin baby', is born following fertility treatments paid for using Bitcoin, marking a historic first in medical transactions involving cryptocurrency.",https://money.cnn.com/2013/06/10/technology/innovation/bitcoin-baby/index.html,5,"The first documented use of Bitcoin to pay for fertility treatment marks a notable moment in the cultural acceptance and application of Bitcoin, showcasing its transition from a niche currency to one recognized in everyday transactions such as healthcare."
2013-06-10,5,World's First Bitcoin Baby Born with Fertility Treatment Funded by Bitcoin,"This baby, born from a fertility treatment paid for in Bitcoin, symbolizes a novel use of cryptocurrency. Dr. C. Terence Lee reports it as a first, showcasing Bitcoin's integration into everyday life and commerce.",https://money.cnn.com/2013/06/10/technology/innovation/bitcoin-baby/index.html,5,"The birth of the first known 'Bitcoin baby' funded through Bitcoin payment presents a significant cultural milestone. It illustrates the growing acceptance of Bitcoin for real-world transactions, particularly in healthcare."
2013-06-11,1,PRISM's Effect on Bitcoin Prices,"Following the revelations of the U.S. government's PRISM program, Bitcoin experienced sell-offs, indicating public sentiment is crucial in Bitcoin's market dynamics. The article discusses how public perception of government oversight influences Bitcoin's value.",https://www.coindesk.com/markets/2013/06/11/prisms-effect-on-bitcoin-prices/,4,"The article explains the importance of Bitcoin during a period of evolving understandings of online privacy and security, revealing fears and considerations associated with government surveillance that impact Bitcoin's value and adoption amidst societal sentiments."
2013-06-11,2,PRISM's Impact on Bitcoin Prices,"Following revelations of the U.S. government's PRISM program, Bitcoin experienced sell-offs as public sentiment shifted regarding its role amidst privacy concerns. This reflects how socio-political events influence cryptocurrency markets.",https://www.coindesk.com/markets/2013/06/11/prisms-effect-on-bitcoin-prices/,5,"The drop in Bitcoin's price in response to the PRISM surveillance disclosures reflects growing concerns around privacy and government overreach, highlighting Bitcoin's appeal as a decentralized alternative to traditional fiat currencies amidst fears of surveillance."
2013-06-11,3,Mt. Gox Advertises Bitcoin at the G8 Summit,"At the G8 Summit, Mt. Gox published a full-page ad in the summit's magazine, promoting Bitcoin as a revolutionary currency, thereby seeking to establish its relevance in international economic discussions.",https://www.coindesk.com/markets/2013/06/17/mt-gox-publishes-ad-in-g8-magazine/,4,"Mt. Gox's initiative to advertise in the G8 Summit magazine indicates the increasing acknowledgment of Bitcoin at global economic discussions, raising Bitcoin’s profile and advocating its legitimacy amongst policymakers."
2013-06-11,4,First Baby Payment in Bitcoin via Fertility Clinic,"A California fertility specialist reported the first known fertility treatment payment using Bitcoin, providing a 50% discount for payment with the cryptocurrency, signaling rising normalization of Bitcoin in diverse sectors.",https://www.telegraph.co.uk/technology/internet/10112717/First-Bitcoin-baby-is-a-girl-born-last-year.html,4,"This event represents a significant moment in Bitcoin's cultural acceptance, as a fertility clinic in California accepted Bitcoin as payment for a service, illustrating Bitcoin's expanding role in everyday life and healthcare."
2013-06-11,5,PRISM's Effect on Bitcoin Prices,"The unveiling of the US government's PRISM surveillance program coincided with a notable drop in Bitcoin prices, showcasing the influence of public sentiment regarding governmental control over personal finance. Bitcoin's perception as a privacy-respecting currency was highlighted during this period.",https://www.coindesk.com/markets/2013/06/11/prisms-effect-on-bitcoin-prices/,4,"The PRISM program's revelations had a notable impact on Bitcoin's price and public sentiment, emphasizing the currency's role as an alternative to government-controlled monetary systems. This represents a critical moment for Bitcoin, indicating its potential appeal as a decentralized currency amidst privacy concerns."
2013-06-12,2,Bitcoin Millionaires Become Investing Angels,"Early Bitcoin investors, now millionaires, are reinvesting their wealth into startups and infrastructure within the Bitcoin economy, signaling a transition towards a sustainable investment ecosystem in the cryptocurrency world.",https://www.technologyreview.com/2013/06/12/15919/bitcoin-millionaires-become-investing-angels,4,"The trend of Bitcoin millionaires reinvesting into the Bitcoin ecosystem reflects an evolving investment landscape, showcasing confidence in Bitcoin as a mainstream financial asset. This trend represents an early stage of what would become a larger venture capital interest in cryptocurrencies."
2013-06-12,3,Bitcoin Millionaires Drive Early Investments,"Bitcoin millionaires are reinvesting their wealth into startups, showcasing the entrepreneurial aspects of the Bitcoin economy. This trend exemplifies Bitcoin's potential for growth and mainstream acceptance, as investors seek to build infrastructure around it.",https://www.technologyreview.com/2013/06/12/15919/bitcoin-millionaires-become-investing-angels,4,"The article in CoinDesk presents early investment activities from Bitcoin millionaires, illustrating the trend of investment and entrepreneurial spirit within the Bitcoin ecosystem. These early adopters are key to advancing Bitcoin's legitimacy and its broader acceptance as a viable currency."
2013-06-12,4,Millennius Becomes First Online Retailer to Accept Bitcoin and Litecoin in Australia,"Millennius, a leading online consumer electronics retailer, announces it is the first major retailer in Australia to accept Bitcoin and Litecoin, marking a significant moment in the acceptance of cryptocurrencies for online transactions.",https://prwire.com.au/pr/37363/millennius-becomes-first-online-retailer-to-accept-bitcoin-and-litecoin-in-australia,4,"As the first major Australian online retailer to accept Bitcoin, Millennius's decision to embrace Bitcoin and Litecoin signifies a notable development in the global retail landscape, reflecting the growing acceptance of cryptocurrency as a legitimate payment method."
2013-06-12,5,Australian Retailer Accepts Bitcoin Payments,"Millennius announces it's the first major Australian online retailer to accept Bitcoin, marking a significant step in cryptocurrency's mainstream adoption in commerce and retail sectors.",https://prwire.com.au/pr/37363/millennius-becomes-first-online-retailer-to-accept-bitcoin-and-litecoin-in-australia,4,"The news about the first Australian retailer accepting Bitcoin demonstrates the growing acceptance of cryptocurrencies in commerce, marking a significant moment in Bitcoin's adoption trajectory. It reflects both regional and global trends in cryptocurrency retail integration."
2013-06-12,6,Millennius Becomes First Online Retailer to Accept Bitcoin in Australia,"Millennius, an Australian electronics retailer, becomes the first major online retailer to accept Bitcoin and Litecoin as payment options, marking a key moment for cryptocurrency integration into retail commerce.",https://prwire.com.au/pr/37363/millennius-becomes-first-online-retailer-to-accept-bitcoin-and-litecoin-in-australia,4,Millennius pioneering Bitcoin acceptance as the first major Australian online retailer demonstrates a significant step in cryptocurrency adoption for mainstream commerce. This move illustrates Bitcoin's viability as a payment method and sets a precedent for other retailers.
2013-06-13,1,2013-06-13 Latest from FinCEN,"On June 13, 2013, FinCEN expressed a stance on regulating virtual currencies, stating that intermediaries in virtual currency transactions may need to register as money services businesses, marking a major regulatory acknowledgment of Bitcoin in financial systems.",https://bitcointalk.org/index.php?topic=233680,4,"A statement from FinCEN on June 13 signaled a shift in regulatory discussions surrounding virtual currencies, emphasizing governance as Bitcoin's popularity grew. This indicates a significant moment in recognizing Bitcoin within financial regulation discussions, aligning with global efforts to understand cryptocurrencies' impacts."
2013-06-13,2,FinCEN Guidance on Virtual Currency Transactions,"On June 13, FinCEN published guidance clarifying that intermediaries in virtual currency transfers must register as money services businesses (MSBs), indicating growing regulatory scrutiny towards Bitcoin.",https://bitcointalk.org/index.php?topic=233680,4,"The FinCEN bulletin highlights the growing regulatory scrutiny on virtual currencies like Bitcoin. This regulatory attention marks an important development as governments sought to impose their frameworks on the emerging Bitcoin economy, indicating its rise in legitimacy and usage."
2013-06-13,3,"Mt. Gox Phishing Campaign Hits Bing, Yahoo!","An active phishing campaign targeting MtGox users took over search results on Bing and Yahoo, directing users to a look-alike fake site. This incident highlighted the risks and security issues facing Bitcoin exchanges at that time.",https://krebsonsecurity.com/2013/06/mtgox-phishing-campaign-hits-bing-yahoo/,4,"On June 13, 2013, a phishing campaign targeting Mt. Gox, a major Bitcoin exchange, significantly affected the security and trust in the Bitcoin ecosystem. This event raises awareness about vulnerabilities associated with cryptocurrency exchanges, making it a notable incident in the early Bitcoin narrative."
2013-06-13,4,"Mt. Gox Phishing Campaign Hits Bing, Yahoo!","A phishing campaign targeting Mt. Gox users redirects traffic from search engines to fake sites, emphasizing the need for security amidst Bitcoin’s rise. This event illustrates the challenges and dangers that users face in the digital currency space.",https://krebsonsecurity.com/2013/06/mtgox-phishing-campaign-hits-bing-yahoo/,4,"The daily phishing campaign highlights emerging security threats associated with Bitcoin exchanges like Mt. Gox, which was one of the most prominent exchanges at the time. This event underscores the rising significance of cybersecurity as the cryptocurrency market grows."
2013-06-13,5,General Economic Climate Affecting Bitcoin,"The June events surrounding Bitcoin indicated possible shifts in economic conversations, with growing regulatory attention that started to shape Bitcoin's future trajectory leading up to and after June 13, 2013, amidst increasing mainstream adoption discussions.",,2,"Although not a specific event on June 13, the ripple effects of the summer events began surfacing. The various Bitcoin discussions indicated mounting interest and scrutiny in the cryptocurrency sector as it gained traction in mainstream discourse, particularly near major events like G8."
2013-06-14,1,Colored Coins Paint Sophisticated Future for Bitcoin,"Colored coins allow bitcoins to be tokenized with specific attributes, facilitating the representation of various asset classes on the Bitcoin blockchain, hence expanding its use cases beyond currency.",https://www.coindesk.com/markets/2013/06/14/colored-coins-paint-sophisticated-future-for-bitcoin/,4,"The introduction of colored coins on June 14, 2013, represents a significant milestone in Bitcoin's application, allowing users to create tokens representing various assets on top of Bitcoin. This innovation set the stage for future developments in tokenization and digital asset management."
2013-06-14,2,New Prepaid Credit Card Funded by Bitcoins,"A new prepaid card allows users to fund it with bitcoins, facilitating transactions in traditional commercial settings while showcasing Bitcoin's evolving role in finance.",https://www.coindesk.com/markets/2013/06/14/new-prepaid-credit-card-funded-by-bitcoins/,4,"The introduction of a prepaid credit card funded by bitcoins on June 14, 2013, illustrates a shift towards integrating Bitcoin into mainstream finance, allowing users to utilize bitcoin for everyday purchases without needing to convert it to fiat currency."
2013-06-14,3,Trezor Now Taking Pre-Orders for Its Hardware Bitcoin Wallet,"Trezor launched pre-orders for its wallet, which offers secure storage for bitcoins, enhancing user confidence and security in managing their digital assets.",https://www.coindesk.com/markets/2013/06/14/trezor-now-taking-pre-orders-for-its-hardware-bitcoin-wallet/,4,"The launch of the Trezor hardware wallet on June 14, 2013, marks a significant development in Bitcoin security, providing users with a physical means to store their bitcoins safely. This contributed to wider adoption by alleviating security concerns associated with digital assets."
2013-06-14,4,Firmcoin - A New Physical Form of Bitcoin,"Firmcoin proposed creating physical cards that can hold bitcoins via NFC, enhancing accessibility and interaction with Bitcoin in physical markets, supporting its usability.",https://www.coindesk.com/markets/2013/06/14/firmcoin-a-new-physical-form-of-bitcoin/,3,"Firmcoin's announcement on June 14, 2013, represents an innovative attempt to create physical representations of bitcoins, increasing user comfort with physical forms of digital currency and highlighting potential for real-world adoption of Bitcoin."
2013-06-14,5,"Bitcoin100's Dilemma: Too Many Bitcoins, Not Enough Charity","Bitcoin100, aiming to donate to charities, faces challenges in public perception but highlights Bitcoin's potential use in philanthropy, facilitating donations without traditional financial barriers.",https://www.coindesk.com/markets/2013/06/14/bitcoin100s-dilemma-too-many-bitcoins-not-enough-charity/,3,"Bitcoin100's initiative on June 14, 2013, illustrates the growing acceptance of Bitcoin as a donation method for charities, promoting awareness of its practical benefits and operational advantages for non-profits."
2013-06-15,1,"World Bank Forum Weighs Pros, Cons of Virtual Currencies","On June 15, 2013, the World Bank hosted a roundtable to discuss regulatory challenges of virtual currencies, including Bitcoin. Experts shared insights on the legal implications of cryptocurrencies, influencing how governments may approach regulation in the future.",https://www.coindesk.com/markets/2013/06/15/world-bank-forum-weighs-pros-cons-of-virtual-currencies/,5,"The roundtable at the World Bank on virtual currencies indicates a formal engagement with Bitcoin, showcasing interest in the regulatory framework surrounding cryptocurrencies. The discussions outlined legal and regulatory challenges that Bitcoin faces, highlighting its increasing relevance and potential impact on traditional currency systems."
2013-06-15,2,World Bank Forum Discusses Pros and Cons of Virtual Currencies,"On June 15, 2013, a closed roundtable at the World Bank examined legal and regulatory challenges surrounding virtual currencies like Bitcoin. Discussions highlighted the impact and recognition of Bitcoin in global finance, underlining the increased interest from policymakers and regulators.",https://www.coindesk.com/markets/2013/06/15/world-bank-forum-weighs-pros-cons-of-virtual-currencies/,5,"The event on June 15, 2013, where a World Bank forum discussed the pros and cons of virtual currencies is significant as it represents formal recognition and concern about Bitcoin and its impact on the financial landscape. This reflects the growing institutional awareness and caution surrounding cryptocurrency, marking a crucial moment in its history."
2013-06-15,3,"World Bank forum weighs pros, cons of virtual currencies","On June 15, 2013, officials gathered at the World Bank for a critical discussion about virtual currencies. The forum emphasized Bitcoin's legal and regulatory landscape, illustrating a pivotal moment in its ongoing acceptance by financial institutions.",https://www.coindesk.com/markets/2013/06/15/world-bank-forum-weighs-pros-cons-of-virtual-currencies/,5,"The event on June 15, 2013, where a World Bank forum discussed the pros and cons of virtual currencies signifies the growing institutional awareness of Bitcoin and its implications for regulatory frameworks. This event exemplifies the shift of Bitcoin from fringe to a point of serious consideration among global economic institutions."
2013-06-16,1,London's Pembury Tavern Becomes First UK Pub to Accept Bitcoin,"On June 16, 2013, the Pembury Tavern in Hackney, London, became one of the first pubs in the UK to accept Bitcoin payments, showcasing increasing acceptance of digital currency in everyday transactions.",https://www.wired.com/story/london-bitcoin-pub/,5,"The Pembury Tavern's acceptance of Bitcoin payments marks a notable moment in the UK's integration of cryptocurrency into everyday transactions, indicative of growing acceptance in mainstream businesses."
2013-06-16,2,Bitcoin Price Breaks $100 Mark,"A blog post on June 16 details Bitcoin's price hovering around $100, marking a critical point as BTC approaches triple digits during a volatile trading period.",https://bitcoinworld.blogspot.com/2013/06,4,"The Bitcoin price tracking post highlights the cryptocurrency's volatility and significant moment as it broke the $100 mark, sparking investor interest and broader media attention."
2013-06-16,3,Discussion on Bitcoin as Money,"A conversation discussing Bitcoin's utility as a currency appeared on Hacker News on June 16, 2013, showcasing the community's interest in Bitcoin's potential and future as a legitimate payment method.",https://news.ycombinator.com/item?id=5887521,3,"This post reflects the ongoing discussion around Bitcoin's viability as a currency, capturing the community's sentiment about Bitcoin's evolving role and importance in life and commerce at that time."
2013-06-16,4,Bitcoin Price Fluctuates Around Triple Digits,"On June 16, 2013, Bitcoin's price fell to around $100, highlighting increased volatility in the market as more users began to trade, attracting attention to the cryptocurrency's financial risks and rewards.",https://bitcoinworld.blogspot.com/2013/06,5,"The volatility analysis of Bitcoin on June 16, 2013, reflects the market dynamics and growing interest in Bitcoin investments. It indicates how the financial ecosystem surrounding Bitcoin was evolving amid fluctuating prices."
2013-06-17,1,Can Bitcoin Make Peace With Washington?,"Following increasing scrutiny, senior Bitcoin figures met regulatory officials in Washington on June 17, 2013, showcasing the urgency for dialogue regarding Bitcoin's future in light of its burgeoning popularity and regulatory challenges.",https://www.washingtonpost.com/news/wonk/wp/2013/06/17/can-bitcoin-make-peace-with-washington/,4,"This discussion highlights a critical moment where Bitcoin's founders engaged with U.S. regulators, reflecting the broader cultural and political acceptance of Bitcoin during this period, as well as growing concerns about its use and regulation."
2013-06-17,2,Mt. Gox Publishes Ad in G8 Magazine to Promote Bitcoin,"Mt. Gox published an ad in the G8 Summit magazine that invited Bitcoin into global economic discussions, highlighting its growing influence and potential role in future financial systems, timed with the G8 Summit in Northern Ireland.",https://www.coindesk.com/markets/2013/06/17/mt-gox-publishes-ad-in-g8-magazine/,5,"This event marks a significant moment in Bitcoin's history as the largest exchange, Mt. Gox, took steps to actively participate in discussions at a high-profile governmental level. The ad placement within G8 Summit materials signals Bitcoin's increasing mainstream appeal and underscores a pivotal moment in its acceptance by wider societal frameworks."
2013-06-17,3,London's Pembury Tavern First to Accept Bitcoin for Beer,"The Pembury Tavern in Hackney, London, became one of the first pubs in the UK to accept Bitcoin payments, reflecting the growing trend of cryptocurrency usage in everyday transactions and highlighting Bitcoin's rising adoption among businesses.",https://www.wired.com/story/london-bitcoin-pub/,5,"The Pembury Tavern in London becoming one of the first pubs to accept Bitcoin represents a cultural milestone in cryptocurrency adoption. This event indicates a broader reach and practical use of Bitcoin in everyday transactions, particularly in consumer spaces, enhancing its legitimacy as a currency."
2013-06-17,4,Mt. Gox Publishes Full-Page Ad in G8 Magazine,"With the G8 Summit opening in Northern Ireland, Bitcoin exchange Mt. Gox placed a full-page ad in the summit's magazine, highlighting Bitcoin's growing importance in global economic discussions as leaders debated monetary policies.",https://www.coindesk.com/markets/2013/06/17/mt-gox-publishes-ad-in-g8-magazine/,4,"The advertisement in the G8 Summit magazine by Mt. Gox symbolizes Bitcoin's increasing recognition and attempts for legitimacy on an international stage, aligning with discussions about its implications for economic policy."
2013-06-17,5,Mt. Gox Publishes Ad in G8 Magazine,"As the G8 Summit begins, Mt. Gox runs an ad in the official magazine showcasing Bitcoin as a revolutionary currency. This marks Bitcoin's growing traction within international financial discourse.",https://www.coindesk.com/markets/2013/06/17/mt-gox-publishes-ad-in-g8-magazine/,5,"The G8 Summit represents a critical point in Bitcoin's recognition by mainstream financial and political institutions. Mt. Gox’s advertisement during the summit served as an invitation for leaders to discuss the implications and potential of Bitcoin, marking a significant step towards its acceptance on a global stage."
2013-06-18,1,GAO Confirms Bitcoin Transactions Are Subject to Tax,A report from the Government Accountability Office states that transactions involving Bitcoin are subject to federal taxes. This marks a notable move towards regulating cryptocurrency as it integrates further into traditional financial systems.,https://thehill.com/regulation/finance/153685-bitcoin-transactions-taxable-says-gao/,4,"The GAO's conclusion on the taxability of Bitcoin transactions signifies official recognition of Bitcoin's legitimacy and potential compliance issues, indicating the increasing attention from regulators and setting the groundwork for future legislation."
2013-06-18,2,GAO Says Bitcoin Transactions Are Taxable,"The U.S. Government Accountability Office confirmed that transactions involving Bitcoin are taxable, highlighting the integration of Bitcoin into financial regulations and the economy.",https://thehill.com/regulation/finance/153685-bitcoin-transactions-taxable-says-gao/,5,"The GAO's report on the taxability of Bitcoin transactions is a critical governmental acknowledgment of Bitcoin's economic relevance, indicating that cryptocurrencies were becoming part of the formal economy, necessitating tax considerations."
2013-06-18,3,Europe's Bitcoin-24 Exchange Shows Signs of Recovery,"Bitcoin-24, a major exchange in Europe, starts to show promising signs of reopening after addressing regulatory challenges. This move is pivotal for restoring confidence in Bitcoin trading in Europe amid ongoing transaction issues.",https://www.coindesk.com/markets/2013/06/18/europes-bitcoin-24-exchange-shows-new-signs-of-life/,4,"The Bitcoin-24 exchange restarting operations in Europe is crucial as it showcases recovery from regulatory and operational issues. It signifies resilience in the cryptocurrency market and contributes to the infrastructure necessary for euro-denominated Bitcoin transactions, which is vital for European traders."
2013-06-18,4,Bitcoin-24 Exchange Shows Signs of Recovery,"After being closed due to bank account issues, Bitcoin-24, Europe's largest exchange, reported progress in resuming services, indicating recovery and ongoing interest in Bitcoin trading.",https://www.coindesk.com/markets/2013/06/18/europes-bitcoin-24-exchange-shows-new-signs-of-life/,4,The revival of Bitcoin-24 after operational difficulties illustrates the resilience of cryptocurrency exchange platforms and their significance in the European market during this period.
2013-06-18,5,A London Pub Now Accepts Payment in Bitcoin,"The Pembury pub in London announced its acceptance of Bitcoin on June 18, 2013, indicating a cultural shift towards cryptocurrency in everyday transactions. This event symbolizes a growing acceptance of digital currency in the UK hospitality sector.",https://news.ycombinator.com/item?id=5899202,4,"The Pembury pub in London became one of the early establishments to accept Bitcoin, showcasing its cultural acceptance and transitioning Bitcoin into daily commerce. This reflects both Bitcoin's practical utility and its growing appeal amongst mainstream consumers in the UK."
2013-06-19,1,IRS Targets Bitcoin for Tax Guidance,"The IRS indicated plans to offer clearer tax reporting requirements for digital currency traders to address compliance risks, marking an important acknowledgment of Bitcoin's influence in finance.",https://www.coindesk.com/markets/2013/06/19/irs-targets-bitcoin/,5,"The IRS's announcement to provide clearer tax guidelines for Bitcoin on June 19, 2013, signifies a vital turning point in the regulatory landscape surrounding cryptocurrencies, reflecting heightened governmental interest in the growing market. This could lead to enhanced legitimacy and adoption of Bitcoin within mainstream finance and commerce."
2013-06-19,2,Governments Worldwide Adjust to Bitcoin's Rise,"The G8 Summit addresses digital currency regulations, marking significant government acknowledgment of Bitcoin's impact on global finance and the potential shifts in tax frameworks surrounding cryptocurrency.",https://www.telegraph.co.uk/finance/currency/10139651/Why-Bitcoin-is-on-the-money.html,3,"The event highlights a substantial framework for cryptocurrency regulation in the U.S. and sets a precedent for other countries' approaches, reflecting on the challenges and changes the sector faces from governments."
2013-06-19,3,Bitcoin Now Accepted in London Pub,"The Pembury Tavern in Hackney becomes the first pub in the UK to accept Bitcoin as payment, attracting considerable interest and sales totaling around £800 in Bitcoin transactions, showcasing a significant cultural shift in payment methods.",https://www.theregister.com/2013/06/25/bitcoins_now_accepted_in_hitech_hipster_hostelry,4,"The adoption of Bitcoin in a London pub illustrates the growing acceptance of cryptocurrency in everyday commerce, highlighting a cultural shift in financial transactions and contributing to the visibility of cryptocurrency in popular society."
2013-06-19,4,Businesses in Berlin Open Arms to Digital Currency,"Several businesses in Berlin, such as a cafe, began accepting Bitcoin, highlighting a growing trend in Europe for adopting cryptocurrency as a legitimate payment method.",https://www.gulf-times.com/story/356783/Businesses-in-Berlin-open-arms-to-digital-currency,4,"This article highlights Berlin businesses embracing Bitcoin on the same date, showcasing the growing acceptance and societal influence of cryptocurrencies in Europe. It also reinforces the communal sentiment towards alternative currencies in prominent urban centers."
2013-06-19,5,IRS Targets Bitcoin to Clarify Tax Regulations,"The IRS announces plans to provide guidance on tax responsibilities for Bitcoin traders in the US, responding to growing interest and concerns about compliance, marking a pivotal moment in cryptocurrency regulation.",https://www.coindesk.com/markets/2013/06/19/irs-targets-bitcoin/,4,"The event indicates the IRS's acknowledgment of cryptocurrencies and the necessity for tax guidance, marking an important development in the regulatory landscape for Bitcoin and its users, thereby impacting the legitimacy and future operation of cryptocurrencies in the financial ecosystem."
2013-06-20,1,"Mt. Gox Suspends Dollar Withdrawals, Causing Market Concerns","On June 20, Mt. Gox announced the suspension of dollar withdrawals, citing high transaction volumes, raising concerns about the exchange's ability to maintain operations amid increasing scrutiny and regulatory challenges.",https://www.businessinsider.com/bitcoin-exchange-mt-gox-temporarily-suspends-dollar-withdrawals-2013-6,5,"The discussion about Mt. Gox's operational issues and market implications was echoed across various media, influencing public perception of Bitcoin as a financial asset amid growing scrutiny from regulatory bodies, which was crucial for its acceptance in mainstream markets."
2013-06-20,2,Mt. Gox Temporarily Suspends USD Withdrawals,"Mt. Gox, the largest Bitcoin exchange, announced a temporary suspension of USD withdrawals due to high transaction volumes, causing apprehension among users about the platform's stability. This measure aimed to improve processing efficiency for USD transactions.",https://www.coindesk.com/markets/2013/06/20/mt-gox-temporarily-suspends-usd-withdrawals/,5,"The announcement by Mt. Gox about temporarily suspending USD withdrawals marked a critical moment for Bitcoin as it represented operational challenges for the largest exchange at the time, impacting users' confidence and raising concerns over its financial stability."
2013-06-20,3,Bitcoin's Presence at the G8 Meeting,"An article detailed Bitcoin's emergence in discussions intersecting with the G8 Summit, where issues of technology, finance, and regulation were pivotal, signifying Bitcoin's impact on the modern economic landscape.",https://www.telegraph.co.uk/finance/currency/10139651/Why-Bitcoin-is-on-the-money.html,4,"The focus on Bitcoin in relation to the ongoing G8 Summit highlights its elevating profile in global discussions about technology and finance, signaling its importance in debates regarding economic innovation and regulatory challenges."
2013-06-20,4,Cameron and Tyler Winklevoss Talk Bitcoin,"Cameron and Tyler Winklevoss, known for their tech investments, discussed their bullish outlook on Bitcoin in an interview, showcasing their substantial investments in the cryptocurrency space and promoting the currency's potential impact.",https://techcrunch.com/2013/06/20/winklevoss-bitcoin-video-interview/,4,"The Winklevoss twins' discussion about Bitcoin underscored the growing interest among investors and highlighted their significant financial investments in Bitcoin, contributing to its public image and legitimacy in financial circles."
2013-06-20,5,Bitcoin Sees the Grim Reaper Amid Exchange Issues,"An editorial discussed the implications of Mt. Gox's withdrawal suspension, framing it as a sign of larger threats to Bitcoin's legitimacy, particularly as scrutiny from regulators began to intensify.",https://nymag.com/intelligencer/2013/06/bitcoin-sees-the-grim-reaper.html,3,"On this date, various reports detailed how these operational challenges paralleled rising legislative scrutiny of Bitcoin, portraying a multifaceted crisis that impacted confidence in the crypto ecosystem and foreshadowed future regulatory developments."
2013-06-22,1,Bitcoin Exchange Mt. Gox Halts USD Withdrawals,"World's largest Bitcoin exchange, Mt. Gox, halts USD withdrawals citing system improvements due to increased demand, leading to concerns over its stability. This highlights operational and regulatory challenges faced by crypto exchanges, impacting confidence in Bitcoin.",https://news.slashdot.org/story/13/06/22/152206/bitcoin-exchange-mt-gox-halts-usd-withdrawals,5,The incident at Mt. Gox not only impacted the exchange's users but also reflected the growing regulatory scrutiny Bitcoin was beginning to face in the US and globally. The uncertainty it brought contributed to wider discussions around the legitimacy and future of Bitcoin as a currency. This incident is significant as it was indicative of the struggles of a burgeoning crypto ecosystem.
2013-06-22,2,Bitcoin Now Accepted in First UK Pub,"The Pembury Tavern in Hackney, East London, becomes the first pub in Britain to accept Bitcoin as payment, showcasing a significant step for local cryptocurrency adoption. It illustrates growing interest and usage of Bitcoin in everyday transactions.",https://www.dailymail.co.uk/sciencetech/article-2347258/The-Bitcoin-Boozer-East-London-pub-accept-virtual-currency.html,4,"The Pembury Tavern becoming the first pub in Britain to accept Bitcoin is a landmark event for the adoption of cryptocurrency in everyday transactions. It reflects a cultural shift towards acceptance of digital currencies in physical retail spaces, suggesting a growing mainstream embrace of Bitcoin in the UK."
2013-06-22,3,"Bitcoin Block 242,797 Mined","Bitcoin block 242,797 is mined on June 22, 2013, marking a significant technological milestone in the Bitcoin network. This event demonstrates ongoing activity and the continued growth of Bitcoin participation globally.",https://www.blockchain.com/explorer/blocks/btc/000000000000007be560b00725b43660096b19daf3fd6084a249cac738dd4e23,3,"The mining of Bitcoin block 242,797 marks a specific technological achievement within the network, crucial for maintaining the Bitcoin infrastructure. This event is significant as it shows the active development and processing power within the community at the time, reflecting growing global participation in the Bitcoin ecosystem."
2013-06-22,4,Mt. Gox Halts USD Withdrawals Amid Regulations,"Mt. Gox, the world's largest Bitcoin exchange, suspended USD withdrawals due to banking issues and regulatory concerns, showcasing the operational challenges faced by cryptocurrency exchanges and the impact of regulatory scrutiny on user access to funds.",https://news.slashdot.org/story/13/06/22/152206/bitcoin-exchange-mt-gox-halts-usd-withdrawals,4,"The halting of USD withdrawals by Mt. Gox emphasized the challenges cryptocurrency exchanges faced amid regulatory pressures, marking an essential moment that foreshadowed ongoing issues in the sector. This incident highlighted the vulnerabilities in the early cryptocurrency market, affecting user trust and exchange operations."
2013-06-22,5,Mt. Gox Halts USD Withdrawals Amidst Demand Surge,"Mt. Gox, the world's largest Bitcoin exchange, announced it would suspend USD withdrawals, affecting US customers. The suspension followed high transaction demand and raised concerns about the exchange's liquidity, prompting fears among users and potential regulatory implications.",https://www.rt.com/business/largest-bitcoin-exchange-suspends-withdrawals-094/,5,"The suspension of USD withdrawals by Mt. Gox marked a significant event in Bitcoin history. At the time, Mt. Gox was the largest Bitcoin exchange globally, and this suspension raised concerns about its financial stability and the overall trust in Bitcoin. This event highlighted the growing regulatory scrutiny Bitcoin was facing, particularly in the US, as banks hesitated to work with Bitcoin due to the unique challenges posed by the digital currency."
2013-06-23,1,WikiLeaks Accepts Bitcoin Donations for Snowden Support,"On June 23, 2013, WikiLeaks publicly announced its acceptance of Bitcoin donations to support Edward Snowden, reflecting Bitcoin's growing role in enabling anonymous financial transactions.",https://news.ycombinator.com/item?id=5927520,4,"WikiLeaks' acceptance of Bitcoin donations marks a significant moment in the cryptocurrency's evolution, demonstrating its use in supporting controversial causes and highlighting the community's backing for privacy and freedom of speech amidst increased surveillance."
2013-06-23,2,California Issues Cease and Desist Letter to Bitcoin Foundation,"On June 23, 2013, California's Department of Financial Institutions issued a cease and desist letter to the Bitcoin Foundation, claiming potential violations of financial transmission laws, highlighting regulatory pressures on the crypto industry.",https://www.coindesk.com/markets/2013/06/23/california-issues-cease-and-desist-letter-to-bitcoin-foundation/,4,"The cease and desist order against the Bitcoin Foundation highlights growing regulatory challenges for cryptocurrencies, showcasing how governments are beginning to react to the rise of digital currencies and their implications for financial regulations."
2013-06-23,3,Bitcoin Starts to Grow Up With a Quasi Peg,"On June 23, 2013, Max Keiser wrote about Bitcoin's need for a price peg to stabilize its value as institutional interest increases, signaling a maturation in the market's perception of Bitcoin.",https://www.rt.com/op-ed/bitcoin-currency-max-keiser-138/,3,"The article discussing Bitcoin's growth trajectory and potential price mechanisms reflects the broader societal discussions on Bitcoin's role and reliability as a currency, capturing sentiments from the cryptocurrency community during that period."
2013-06-23,4,WikiLeaks Accepts Bitcoin Donations for Snowden Support,"On June 23, 2013, WikiLeaks announced it would accept Bitcoin donations to support Edward Snowden, highlighting Bitcoin's role in facilitating anonymous financial support for controversial figures amid governmental scrutiny.",https://news.ycombinator.com/item?id=5927520,4,"The decision by WikiLeaks to accept Bitcoin donations during a time of heightened scrutiny demonstrates the cryptocurrency's role as a tool for anonymity and independence in financial transactions, especially in politically charged contexts."
2013-06-23,5,California Issues Cease and Desist to Bitcoin Foundation,"On June 23, 2013, California’s Department of Financial Institutions issued a cease-and-desist letter to the Bitcoin Foundation, suggesting it might be operating as an unlicensed money transmission business.",https://www.coindesk.com/markets/2013/06/23/california-issues-cease-and-desist-letter-to-bitcoin-foundation/,5,"The cease-and-desist letter issued to the Bitcoin Foundation illustrates the regulatory challenges faced by the cryptocurrency sector at the time, emphasizing the tension between innovation and regulation."
2013-06-24,1,G8 Meeting Highlights Bitcoin's Growing Influence,"Bitcoin's recognition at the G8 meeting underscored its rising prominence in global financial discussions. The event highlighted the tension between traditional finance systems and emerging digital currencies like Bitcoin, showcasing their disruptive potential.",https://www.telegraph.co.uk/finance/currency/10139651/Why-Bitcoin-is-on-the-money.html,4,"The ongoing rise in Bitcoin transactions and the discussion of its implications reflect a growing awareness and interest in digital currencies during a critical time in Bitcoin's history, framing both its benefits and the regulatory challenges it posed at the time."
2013-06-24,2,First UK Pub Accepts Bitcoin Payments,"The Pembury Tavern in Hackney, East London, becomes the first pub in Britain to accept Bitcoin as payment, showcasing the cryptocurrency's growing recognition and practical use in everyday spending.",https://www.dailymail.co.uk/sciencetech/article-2347258/The-Bitcoin-Boozer-East-London-pub-accept-virtual-currency.html,5,"The Pembury Tavern in Hackney became the first pub in the UK to accept Bitcoin, marking a notable milestone in the acceptance of cryptocurrency in everyday transactions. The ability for consumers to buy drinks using a digital currency symbolizes a shift in societal attitudes towards Bitcoin and its acceptance as a legitimate form of payment."
2013-06-24,3,The Pembury Tavern Becomes First UK Pub to Accept Bitcoin,"In a significant milestone for cryptocurrency, the Pembury Tavern in Hackney, East London, began accepting Bitcoin, marking the UK's first pub to do so. The decision spurred enthusiasm among patrons and showcased the growing mainstream acceptance of Bitcoin.",https://www.theregister.com/2013/06/25/bitcoins_now_accepted_in_hitech_hipster_hostelry,4,"The Pembury Tavern became the first pub in the UK to accept Bitcoin as payment, marking a significant step in the mainstream adoption of cryptocurrency in everyday transactions. This event reflects the cultural shift towards digital currencies and demonstrates increasing acceptance in the traditional retail space."
2013-06-24,4,Bitcoin Meets at Satoshi Square,"A Bitcoin meetup at Satoshi Square, NYC, emphasized community engagement and education in Bitcoin. Attendees are buying and selling Bitcoin, enhancing its profile as a spendable currency and fostering community knowledge.",https://avc.com/2013/06/bitcoin-bits/,3,"The event showcases broader public engagement with Bitcoin, emphasizing grassroots movements toward cryptocurrency acceptance. The London meetup serves as an example of local community efforts to bolster Bitcoin's visibility and highlight its use in daily transactions."
2013-06-24,5,DEA Seizes Bitcoins in Landmark Case,"The DEA reported the first seizure of Bitcoins, taking 11.02 BTC from an individual suspected of using it for purchasing illegal substances. This case highlighted the regulatory challenges and scrutiny surrounding Bitcoin's use in illegal transactions, marking a new chapter in law enforcement's approach.",https://www.coindesk.com/markets/2013/06/24/bitcoins-seized-by-drug-enforcement-agency,5,"The DEA's seizure of Bitcoin was a pivotal moment, marking one of the first governmental actions against cryptocurrency usage in illegal activities. It served as a precursor to ongoing regulatory scrutiny and discussions about the legality and governance of cryptocurrencies, raising awareness about the potential for regulation."
2013-06-25,1,U.S. Government Makes First-Ever Bitcoin Seizure,"The DEA seizes 11 Bitcoins from a dealer tied to the Silk Road in South Carolina, marking the first instance of U.S. authorities taking actual cryptocurrency, showcasing growing governmental oversight of digital currencies.",https://www.vice.com/en/article/ypp797/the-dea-just-seized-11-bitcoins,4,"With the U.S. government seizing Bitcoin, this event marks a significant convergence between law enforcement and cryptocurrency, highlighting the regulatory challenges and the increasing scrutiny surrounding Bitcoin's use in illegal activities."
2013-06-25,2,Bitcoiners Donate to WikiLeaks to Support Edward Snowden,"The day after WikiLeaks started accepting Bitcoin donations, donations surged following a call to support Edward Snowden, highlighting Bitcoin's use in political movements and privacy advocacy.",https://www.coindesk.com/markets/2013/06/25/bitcoiners-donate-to-wikileaks-to-support-edward-snowden/,3,"The surge in Bitcoin donations to WikiLeaks reveals the cryptocurrency's role as a tool for political support and activism, which is significant in the context of growing governmental surveillance and control."
2013-06-25,3,First UK Pub Accepts Bitcoin as Payment in London,"The Pembury Tavern in Hackney becomes the UK’s first pub to accept Bitcoin as payment, demonstrating the growing mainstream adoption of cryptocurrency in consumer transactions.",https://www.theregister.com/2013/06/25/bitcoins_now_accepted_in_hitech_hipster_hostelry,4,"The Pembury Tavern's acceptance of Bitcoin as payment represents a landmark cultural moment in London, marking a shift towards the integration of cryptocurrency in everyday commerce. It highlights the evolving landscape of financial transactions and consumer behavior in the UK."
2013-06-25,4,First UK Pub Accepts Bitcoin Payments,"The Pembury Tavern in Hackney, London, becomes the first pub in the UK to accept Bitcoin, selling around £800 worth of beer using the cryptocurrency. This event demonstrates growing adoption of Bitcoin in everyday transactions.",https://www.theregister.com/2013/06/25/bitcoins_now_accepted_in_hitech_hipster_hostelry,5,"The Pembury Tavern in London is notable as it marked a significant milestone in Bitcoin's acceptance in traditional retail, showcasing the integration of cryptocurrency in everyday transactions and appealing to a broader audience."
2013-06-25,5,Bitcoin Donations Surge to WikiLeaks for Snowden Support,"Following Julian Assange's call, Bitcoin donations to WikiLeaks increase significantly, highlighting the cryptocurrency’s role in supporting civil liberties and free speech amid legal scrutiny.",https://www.coindesk.com/markets/2013/06/25/bitcoiners-donate-to-wikileaks-to-support-edward-snowden/,4,"The growth of Bitcoin donations to WikiLeaks in support of Edward Snowden illustrates the cryptocurrency's role in facilitating political activism and its appeal as a tool for privacy and anonymity. This is a significant cultural moment showing the intersection of Bitcoin, technology, and civil liberties."
2013-06-26,1,DEA Seizes 11 Bitcoins in First Known Government Confiscation,"The DEA seized 11.02 Bitcoins from a South Carolina man suspected of dealing drugs through Silk Road. This event marks the first recorded seizure of Bitcoin by a U.S. government agency, highlighting growing regulation and scrutiny of digital currencies.",https://www.theverge.com/2013/6/26/4468302/drug-enforcement-agency-seizes-11-bitcoins-in-south-carolina-bust-silk-road,5,"The DEA's seizure of Bitcoin signifies the U.S. government's recognition of digital currencies as assets that can be regulated and enforced under the law. This event also represents a broader scrutiny of cryptocurrencies and the legal ramifications of their use in illegal activities, reflecting the ongoing battle between law enforcement and the anonymity that Bitcoin provides."
2013-06-26,2,States Put Heat on Bitcoin,"State regulators issue warnings to Bitcoin-related companies about potential violations of money-transmission laws, highlighting the increasing regulatory scrutiny faced by the cryptocurrency industry in the U.S.",https://www.wsj.com/articles/SB10001424127887323998604578565961039879492,3,"This event demonstrates regulatory pushback against Bitcoin-related businesses, revealing the tensions between innovation in the cryptocurrency space and existing financial laws. This scrutiny significantly shapes the development of Bitcoin’s legal framework and influences future policies."
2013-06-26,3,Outbounders.com Now Accepts Bitcoin,"Outbounders.com, a major online staffing site, begins accepting Bitcoin, enabling users to pay for services in the cryptocurrency. This enhances its utility as a regular currency and creates more real-world use cases for Bitcoin.",https://bitcointalk.org/index.php?topic=246459,4,"The acceptance of Bitcoin by Outbounders.com is a crucial step toward mainstream adoption, allowing customers to use Bitcoin for services directly. This reflects the idea of Bitcoin being a functional currency rather than a speculative asset, vital for its growth."
2013-06-26,4,Outbounders.com Accepts Bitcoin for Payments,"Inbound staffing site Outbounders.com announces it will accept Bitcoin, enabling customers to pay for services directly with the cryptocurrency. This move symbolizes a growing acceptance of Bitcoin in practical, everyday transactions.",https://bitcointalk.org/index.php?topic=246459,4,"The announcement that Outbounders.com would accept Bitcoin for payments indicates a growing acceptance and normalization of Bitcoin as a payment method. This event showcases increasing adoption of cryptocurrencies in everyday business transactions, which is key to their long-term sustainability and integration into the economy."
2013-06-26,5,What to Expect at Bitcoin London 2013,"The inaugural Bitcoin London conference set for July 2 aims to bring together entrepreneurs and investors to discuss business and investment opportunities in the Bitcoin space, demonstrating its momentum in the financial world.",https://www.coindesk.com/markets/2013/06/26/what-to-expect-at-bitcoin-london-2013/,4,"The announcement of the Bitcoin London Conference highlights the increasing legitimacy and business focus of the cryptocurrency space, facilitating networking and investment opportunities. This underscores the movement's evolution from grassroots initiatives to more formalized gatherings aimed at fostering innovation in the Bitcoin ecosystem in the UK."
2013-06-27,1,German Government Relieves Capital Gains Tax on Bitcoin Positions,"Bitcoin transactions in Germany will be exempt from capital gains tax if held for more than a year, creating legal clarity and making it more attractive for investors, enhancing its legitimacy.",https://www.coindesk.com/markets/2013/06/27/german-government-relieves-capital-gains-tax-on-bitcoin-positions/,5,"Germany's decision to exempt Bitcoin transactions held for over a year from capital gains tax marked a significant milestone that could influence investor behavior and adoption across Europe, increasing Bitcoin's legitimacy."
2013-06-27,2,Mt. Gox's Initial Steps Toward Compliance,"Mt. Gox's registration as a money services business with FinCEN on June 27, 2013, marks a vital moment in the cryptocurrency space that reflected a growing recognition of the need for regulation to ensure operational legitimacy.",https://www.coindesk.com/markets/2013/06/29/mt-gox-registers-with-fincen-as-a-money-services-business/,4,"The movement of Bitcoin into regulated spaces is crucial for understanding the evolution of cryptocurrency. This registration serves as an early example of cryptocurrency exchanges taking proactive steps toward compliance, which ultimately shaped the landscape for other exchanges."
2013-06-27,3,Bitcoin Reaches New Milestone: DEA Confiscates Some Using Asset Forfeiture,"The DEA confirmed the seizure of 11.02 Bitcoins linked to drug transactions, marking a defining moment in cryptocurrency law enforcement and regulatory responses to digital assets.",https://reason.com/2013/06/27/bitcoin-reaches-new-milestone-dea-swipes/,4,"This event signifies the increasing recognition and initial regulatory response to Bitcoin, particularly as it relates to criminal investigations, showcasing the urgency for clarity in cryptocurrency's legal standing."
2013-06-27,4,DEA Seizes Bitcoin in Silk Road Drug Raid,"The DEA seized 11.02 Bitcoins from a suspect linked to the Silk Road marketplace, marking the first official seizure of Bitcoins by US authorities, highlighting legal issues surrounding cryptocurrency.",https://techcrunch.com/2013/06/27/the-dea-seized-bitcoins-in-a-silk-road-drug-raid/,5,"The first on-record seizure of Bitcoin by US authorities exemplifies the increasing legal scrutiny on Bitcoin and its association with illicit activities, providing a notable event in cryptocurrency law enforcement history."
2013-06-27,5,First Ever Bitcoin Seizure by US Cops,"Law enforcement raided a home linked to drug distribution, marking the first seizure of Bitcoin by American police, highlighting the potential for illicit use and regulatory challenges.",https://www.theregister.com/2013/06/27/american_cops_make_first_ever_bitcoin_seizure/,4,"This event marks the use of Bitcoin in the context of law enforcement actions against narcotics, which represents a pivotal moment in understanding the intersection of digital currency and crime."
2013-06-28,1,First Pub in Britain Accepts Bitcoin Payments,"The Pembury Tavern in Hackney, London, becomes the first pub in Britain to accept Bitcoin, allowing customers to pay with the cryptocurrency. This significant move marks a pivotal moment for real-world Bitcoin adoption in the UK.",https://www.wikitrend.org/pub-becomes-first-britain-accept-bitcoins,5,"The Pembury Tavern in Hackney, London, became the first pub in Britain to accept Bitcoin, symbolizing the increasing real-world acceptance and integration of cryptocurrencies into everyday transactions. This event not only showcased Bitcoin's potential but also demonstrated its growing popularity in the UK."
2013-06-28,2,Survey Reveals Trust and Awareness of Bitcoin Among UK Consumers,"A survey shows that 32.2% of UK consumers are aware of Bitcoin, with 69% of them trusting it. The findings indicate increasing acceptance and potential for Bitcoin as a mainstream currency in the UK and globally.",https://techcrunch.com/2013/06/28/bitcoin-awareness-and-trust/,4,"This survey reflects the growing awareness and trust in Bitcoin among consumers, particularly in the UK. With a notable percentage of respondents trusting Bitcoin as a currency, it highlights the cultural shift towards acceptance of cryptocurrencies in traditional markets."
2013-06-28,3,RBI Raises Concerns Over Virtual Currencies Like Bitcoin,"The Reserve Bank of India flags concerns regarding the rise of virtual currencies, including Bitcoin, citing risks associated with their regulation, particularly in light of related criminal activities.",https://timesofindia.indiatimes.com/business/india-business/RBI-red-flags-virtual-currency/articleshow/20808495.cms,4,"This official stance from the Reserve Bank of India reflects growing regulatory scrutiny around cryptocurrencies, marking significant developments in the global conversation about virtual currencies like Bitcoin and their implications."
2013-06-28,4,Bitcoin Drug Business Growth Highlights Mixed Use of Cryptocurrency,A report discusses the growing competitive nature of the Bitcoin drug marketplace while also noting increasing legitimate uses. This duality showcases the evolving landscape of Bitcoin and its social implications.,https://www.washingtonpost.com/news/wonk/wp/2013/06/28/the-bitcoin-drug-business-is-getting-more-competitive/,3,"This event reveals a dual characteristic of Bitcoin in 2013, recognizing its use in both illegal activities and legitimate transactions. This highlights the complexities of Bitcoin's reputation and its economic implications."
2013-06-28,5,Outbounders Now Accepts Bitcoin for Staffing Services,"Staffing site Outbounders.com announces it will accept Bitcoin for hiring staff, marking another step towards cryptocurrency’s use in everyday business transactions and highlighting its potential for reducing payment fees.",https://www.finextra.com/news/announcement.aspx?pressreleaseid=50521,4,"The acceptance of Bitcoin by Outbounders.com exemplifies the practical application of cryptocurrency in business. This event signifies a trend towards utilizing Bitcoin for daily transactions, which can affect its perception as a legitimate currency."
2013-06-29,1,Mt. Gox Registers with FinCEN as Money Services Business,"On June 29, 2013, Mt. Gox, the world's largest Bitcoin exchange, registered as a money services business with the US Treasury's FinCEN. This move aimed to comply with US money-laundering regulations, signaling a willingness to align with regulatory frameworks around cryptocurrencies.",https://www.coindesk.com/markets/2013/06/29/mt-gox-registers-with-fincen-as-a-money-services-business/,5,"Mt. Gox's registration as a money services business by FinCEN marked a significant step towards regulatory compliance for cryptocurrency exchanges in the United States. This move aimed to legitimize such platforms and evidenced an evolving relationship between cryptocurrencies and regulatory bodies, which has continued to shape the industry."
2013-06-29,2,Mt. Gox Registers with FINCEN as a Money Services Business,"On June 29, 2013, Mt. Gox, the leading Bitcoin exchange, registered as a money services business with the U.S. Treasury Department's FINCEN, showing intent to comply with regulations and enhance its legitimacy.",https://www.coindesk.com/markets/2013/06/29/mt-gox-registers-with-fincen-as-a-money-services-business/,5,"Mt. Gox's move to register as a money services business with FINCEN was pivotal as it demonstrated an effort to comply with regulatory standards, marking an important step towards mainstream acceptance of Bitcoin and other cryptocurrencies. It signaled a willingness within the sector to adhere to legal frameworks, boosting investor confidence."
2013-06-30,1,Winklevoss Twins File for Bitcoin ETF Proposal,"Cameron and Tyler Winklevoss filed with U.S. regulators to launch the Winklevoss Bitcoin Trust, aiming to make Bitcoin more accessible to investors through a managed fund structure, potentially bringing Bitcoin into financial mainstream.",https://archive.nytimes.com/dealbook.nytimes.com/2013/07/01/first-name-in-the-first-fund-for-bitcoins-winklevoss/,5,"The Winklevoss twins' proposal to file for an IPO for their Bitcoin Trust aims to give traditional investors access to Bitcoin investment, representing a significant milestone in the cryptocurrency's journey toward mainstream adoption and acceptance. This attempt is crucial in disassociating Bitcoin from its speculative reputation and aligning it with regulated investment vehicles."
2013-06-30,2,Bitcoin London: Conference Highlights Cryptocurrency Interest in Europe,"The Bitcoin London conference focused on the growing interest in cryptocurrency across Europe, featuring discussions on Bitcoin adoption, a new Bitcoin ATM launch, and highlighting Europe's potential as a favorable environment for crypto startups.",https://99bitcoins.com/bitcoin-london-2013-europes-love-for-cryptocurrency-a-new-atm-machine-and-a-lot-of-start-ups/,4,"The discussion at Bitcoin London highlighted Europe's receptiveness toward cryptocurrencies compared to the regulatory complications faced in the United States. The event emphasized the role of Europe in the broader cryptocurrency ecosystem at this formative stage, showcasing a growing entrepreneurial spirit in London's fintech scene."
